"","lon","lat"
"1",-76.6121893,39.2903848
"2",-84.4132594,33.5726113
"4",-82.7873244,27.9094665
"6",-63.616672,-38.416097
"9",151.2092955,-33.8688197
"10",-79.0192997,35.7595731
"13",-99.9018131,31.9685988
"15",-94.1574263,36.0625795
"16",-98.4936282,29.4241219
"17",-82.9000751,32.1656221
"19",-121.8863286,37.3382082
"20",-81.0446262,24.726026
"22",-76.6358333,39.2750153
"23",-74.4056612,40.0583238
"24",-102.4107493,34.2331373
"25",4.8625133,52.3733543
"26",-104.195846,32.400126
"28",-76.6412712,39.0457549
"30",-82.9071695,39.9730713
"32",-48.011258,-15.8291861
"33",-76.6121893,39.2903848
"34",102.4077409,5.836163
"35",-0.1869644,5.6037168
"36",-115.1390302,36.166932
"37",-82.5919546,28.0432478
"40",-96.7969879,32.7766642
"41",-84.3879824,33.7489954
"42",-3.435973,55.378051
"43",-82.907123,40.4172871
"44",-121.7477304,38.5427806
"47",-115.1398296,36.1699412
"48",-122.6764816,45.5230622
"50",-86.8163773,33.2442813
"51",-122.1750657,37.4200507
"53",-96.34792,42.483421
"54",-92.0031955,34.2284312
"56",-81.5157535,27.6648274
"57",-99.8606107,28.5219292
"58",-76.4519658,40.3405166
"60",-73.9441579,40.6781784
"61",-74.4056612,40.0583238
"63",-78.216667,-7.85
"66",-97.2891568,29.0938652
"67",-86.0341463,34.6723069
"68",-74.480313,40.7982189
"69",-78.809582,35.842115
"72",-0.1277583,51.5073509
"73",-54.6201211,-20.4697105
"74",-117.9207366,33.8114063
"75",-96.373747,30.6735749
"76",-83.6874562,43.0125274
"77",-80.9620582,34.0426948
"78",-79.7624177,43.7315479
"80",-79.3831843,43.653226
"82",-71.0588801,42.3600825
"83",-0.1277583,51.5073509
"84",-99.9018131,31.9685988
"86",-34.8828969,-8.0578381
"87",-95.3698028,29.7604267
"88",-91.8318334,37.9642529
"89",-99.9018131,31.9685988
"91",-51.92528,-14.235004
"92",2.3522219,48.856614
"93",-120.5542012,43.8041334
"94",-118.1541632,34.6867846
"95",-71.1631137,42.7070354
"97",-122.3320708,47.6062095
"98",-51.92528,-14.235004
"99",-1.1743197,52.3555177
"100",-95.712891,37.09024
"101",-77.071424,39.027662
"104",-94.1265562,30.080174
"105",-97.1025077,32.4334742
"107",-76.2858726,36.8507689
"108",-81.2420473,41.1575566
"109",-3.7033725,40.4162883
"110",-122.3357088,47.6609221
"112",12.56738,41.87194
"114",-122.3255254,37.5629917
"115",-99.1712821,19.4121597
"116",153.0120454,-27.4804984
"118",-87.7126692,41.8807968
"119",-112.0919298,33.4524134
"120",-96.9561152,32.5884689
"121",-102.4107493,34.2331373
"122",-81.0348144,34.0007104
"123",-79.3831843,43.653226
"124",-71.3824374,42.4072107
"125",-81.6943605,41.49932
"126",-51.92528,-14.235004
"127",-66.1057355,18.4655394
"128",-122.319245,47.62094
"130",-84.4114395,33.7451812
"131",9.0836281,54.5392173
"132",-58.5943604,-34.6266731
"133",-77.1945247,41.2033216
"135",-84.4132594,33.5726113
"139",-82.0047322,40.1209465
"140",2.6370411,48.8499198
"141",-80.1917902,25.7616798
"145",-97.7340567,30.2849185
"146",-1.727062,51.420073
"147",10.451526,51.165691
"148",-85.1393513,41.079273
"149",-83.1968173,35.0525909
"150",-51.1255697,-29.6918991
"152",133.775136,-25.274398
"153",-105.5108312,39.9613759
"155",-86.3442107,34.3614336
"157",-90.3217585,32.3415342
"158",-0.1405585,51.5159243
"160",-77.1945247,41.2033216
"161",-95.3698028,29.7604267
"162",-83.6840804,37.680363
"164",-76.5096731,37.2387556
"165",-81.7183733,30.0847449
"166",-74.0059413,40.7127837
"167",-74.307282,40.4128551
"168",2.3522219,48.856614
"169",-84.3879824,33.7489954
"170",-38.502304,-12.9730401
"171",28.2292712,-25.7478676
"172",-111.9400054,33.4255104
"173",-76.6121893,39.2903848
"174",-64.811535,17.772021
"175",45.079162,23.885942
"177",-96.7969879,32.7766642
"178",-157.9145932,21.6147678
"180",-77.0368707,38.9071923
"181",30.802498,26.820553
"182",-95.3773878,29.7748179
"183",-96.7969879,32.7766642
"184",-95.3698028,29.7604267
"185",140.0187653,-22.7359095
"186",12.56738,41.87194
"187",-93.2777226,44.7677424
"189",103.819836,1.352083
"190",-3.518068,55.900708
"191",-99.9018131,31.9685988
"192",-5.8593267,43.3613953
"193",-122.5207721,46.3466877
"194",106.8340911,-6.1864864
"195",-80.1917902,25.7616798
"198",-71.3824374,42.4072107
"200",12.88945,46.9907
"201",-84.3879824,33.7489954
"202",-0.9781303,51.4542645
"203",-87.6297982,41.8781136
"204",-75.1652215,39.9525839
"205",-122.1686033,37.4226924
"207",-122.3255254,37.5629917
"208",-95.712891,37.09024
"209",-122.4166041,37.7767964
"210",-79.7618035,34.0649253
"212",15.35923,60.7467784
"215",-95.3698028,29.7604267
"216",-118.1937395,33.7700504
"217",-98.2318511,26.1035451
"218",-104.9739333,39.5480789
"219",-95.4612625,30.1658207
"220",144.9937739,-37.8491409
"221",-44.3157913,-23.0058039
"222",-52.4160039,-28.2587812
"225",-87.6297982,41.8781136
"226",-73.9441579,40.6781784
"227",-77.0368707,38.9071923
"229",-73.1709604,44.4669941
"230",139.754732,35.655152
"231",-122.6764816,45.5230622
"232",-119.4179324,36.778261
"233",-71.4198738,41.7778767
"234",173.775931,-41.173387
"235",110.1402594,-7.150975
"236",7.4416241,48.3181795
"237",-80.1756481,33.0185039
"239",-51.92528,-14.235004
"240",-84.3879824,33.7489954
"241",12.453389,41.902916
"242",-86.2519898,41.6763545
"243",-120.1320724,39.0613784
"244",-115.1728484,36.1147065
"245",-122.1686033,37.4226924
"247",-71.0588801,42.3600825
"248",-85.7414803,38.2307653
"249",-111.8910474,40.7607793
"250",-95.712891,37.09024
"251",152.9532584,-27.7472575
"252",-80.7269854,28.3164498
"253",-85.9357122,39.2323822
"254",-84.3213409,33.7509329
"255",-1.1743197,52.3555177
"256",-73.503181,40.7330774
"259",-104.9739333,39.5480789
"261",-74.1581965,40.6119914
"262",-71.2478251,42.0653812
"264",121.774017,12.879721
"265",-2.70309,53.763201
"268",-78.6381787,35.7795897
"271",139.6917064,35.6894875
"273",-71.0588801,42.3600825
"274",-79.3831843,43.653226
"275",-91.5983959,34.7636336
"276",-1.1743197,52.3555177
"277",-79.532157,43.8169837
"278",-81.2452768,42.9849233
"279",-70.8226541,43.9653889
"280",-89.0939952,42.2711311
"281",-121.4943996,38.5815719
"282",-74.0059413,40.7127837
"283",-80.6495194,41.0997803
"285",-84.3879824,33.7489954
"286",-84.3879824,33.7489954
"287",-95.3761506,40.7667389
"288",-89.327005,41.7120889
"289",-95.712891,37.09024
"291",-84.3879824,33.7489954
"292",-88.3200715,41.7605849
"293",-97.7430608,30.267153
"294",-95.712891,37.09024
"295",-0.1277583,51.5073509
"296",-79.3831843,43.653226
"297",-100.4456984,48.8272301
"298",0.088622,52.551716
"299",-71.4128343,41.8239891
"300",4.8951679,52.3702157
"301",77.1024902,28.7040592
"302",-82.4571776,27.950575
"303",-75.6971931,45.4215296
"304",-78.9453056,34.9704419
"305",-95.712891,37.09024
"306",-95.712891,37.09024
"307",-86.902298,32.3182314
"310",-0.1277583,51.5073509
"311",-84.3879824,33.7489954
"312",-87.6297982,41.8781136
"313",-77.1945247,41.2033216
"314",-113.496482,53.541244
"315",-87.6267848,41.8865228
"316",151.2092955,-33.8688197
"317",-76.980549,38.9038899
"318",-118.2436849,34.0522342
"319",-77.071424,39.027662
"320",-88.3459048,41.730585
"321",-81.0348144,34.0007104
"322",38.9250517,15.3228767
"324",-74.0059413,40.7127837
"325",-71.4113545,41.8591927
"326",-82.9000751,32.1656221
"327",-87.6297982,41.8781136
"328",-90.5787476,41.5094771
"329",-71.3273346,42.8806437
"330",-51.92528,-14.235004
"331",-79.9958864,40.4406248
"332",-95.712891,37.09024
"333",-95.0282673,31.5646536
"334",-112.0263313,41.1616108
"335",-96.7230046,18.9712706
"336",15.472962,49.817492
"337",-99.9018131,31.9685988
"338",-85.6023643,44.3148443
"339",-121.2907796,37.9577016
"340",-72.2485171,11.3789335
"343",-89.2015169,31.5940487
"344",-73.7693176,41.0327333
"345",-87.1553002,40.9117047
"346",-75.1682132,39.9565613
"347",-93.2991931,44.9522896
"348",-80.1917902,25.7616798
"349",-99.1712821,19.4121597
"350",4.4937836,52.0207975
"351",-49.267137,-25.4289541
"352",-59.5988089,13.1132219
"354",-84.3879824,33.7489954
"355",-104.8213634,38.8338816
"356",-73.9441579,40.6781784
"357",-122.4194155,37.7749295
"359",-73.9441579,40.6781784
"360",-117.9558993,33.6947259
"361",-81.5790137,41.5331066
"362",53.847818,23.424076
"363",133.775136,-25.274398
"365",-118.2436849,34.0522342
"366",-95.712891,37.09024
"367",-86.5861037,34.7303688
"369",-94.2960772,42.4419167
"370",-105.0764774,40.5498168
"372",-99.9018131,41.4925374
"373",-84.3640829,33.7589188
"375",-3.435973,55.378051
"377",-93.097702,41.8780025
"378",-105.2551187,54.5259614
"381",-72.5778415,44.5588028
"382",-74.3118212,39.9652553
"384",-74.0059413,40.7127837
"387",-81.5157535,27.6648274
"388",-122.4194155,37.7749295
"389",-83.9811014,34.1140497
"390",-84.2420283,33.9014067
"391",-122.2020794,47.9789848
"392",-82.907123,40.4172871
"395",-3.435973,55.378051
"396",-118.2436849,34.0522342
"397",-75.2769154,39.9649391
"398",-122.6764816,45.5230622
"399",-105.7820674,39.5500507
"400",-110.926479,32.2217429
"402",2.3522219,48.856614
"403",-80.1917902,25.7616798
"404",-117.1610838,32.715738
"405",-87.6297982,41.8781136
"406",-58.3815591,-34.6036844
"407",-44.5550308,-18.512178
"411",-95.712891,37.09024
"412",-83.9811014,34.1140497
"413",-55.765835,-32.522779
"414",-95.580035,45.975551
"415",-71.3824374,42.4072107
"416",-71.0588801,42.3600825
"417",-71.0588801,42.3600825
"418",-96.7969879,32.7766642
"419",-3.7837117,52.1306607
"421",-3.8278443,40.3468454
"423",2.3522219,48.856614
"424",54.3773438,24.453884
"427",-79.3831843,43.653226
"428",-95.3698028,29.7604267
"429",-73.9447994,40.6681032
"430",-84.8413056,33.9244531
"431",24.96676,45.943161
"432",-97.1060202,32.940444
"434",-82.907123,40.4172871
"435",-70.9750541,41.9903519
"436",151.2092955,-33.8688197
"438",-80.9369983,29.0963729
"439",-96.7969879,32.7766642
"440",-74.0059413,40.7127837
"441",-87.771964,41.909611
"442",114.174146,22.302288
"443",-73.087749,41.6032207
"445",-76.3452218,37.0298687
"446",-86.902298,32.3182314
"448",-85.3232139,51.253775
"449",-80.9405602,44.5690305
"450",-113.4909267,53.544389
"451",-73.752805,43.675856
"452",-121.4943996,38.5815719
"453",-79.6903316,44.3893556
"454",-80.1917902,25.7616798
"456",-73.1149469,-40.5761897
"457",-1.1743197,52.3555177
"458",-89.0939952,42.2711311
"459",-122.4194155,37.7749295
"460",-6.2603097,53.3498053
"461",-0.1277583,51.5073509
"463",-74.0059413,40.7127837
"464",-119.4179324,36.778261
"465",-95.712891,37.09024
"466",-4.251806,55.864237
"470",-95.712891,37.09024
"471",-82.7689906,27.7691937
"472",-79.9414266,37.2709704
"473",-99.1712821,19.4121597
"475",-85.6277537,40.4797623
"477",31.5655424,6.2132663
"479",-86.5804473,35.5174913
"480",34.8952102,36.9165612
"481",-73.9712488,40.7830603
"482",2.1734035,41.3850639
"483",-83.9207392,35.9606384
"484",72.8656144,19.0895595
"485",-59.543198,13.193887
"486",-134.404891,58.2987346
"487",106.822745,-6.1744651
"488",-76.8207898,42.1297967
"489",-0.1277583,51.5073509
"490",-87.4052865,37.9444882
"491",-95.712891,37.09024
"492",-106.6055534,35.0853336
"493",-95.712891,37.09024
"494",-73.087749,41.6032207
"496",-79.0192997,35.7595731
"497",-68.0150659,10.2447917
"498",-104.990251,39.7392358
"499",-87.6297982,41.8781136
"500",-118.2436849,34.0522342
"501",-84.3879824,33.7489954
"503",-84.8319892,38.3229243
"504",-82.907123,40.4172871
"505",146.921099,-31.2532183
"506",-93.287858,44.952959
"508",-99.9018131,31.9685988
"509",76.7794179,30.7333148
"510",2.3522219,48.856614
"511",-80.1289321,26.3683064
"512",-78.4678382,-0.1806532
"513",-76.4859544,44.2311717
"514",-80.1917902,25.7616798
"515",-118.2436849,34.0522342
"516",-71.0588801,42.3600825
"517",-76.6412712,39.0457549
"518",-3.3821421,51.6858341
"519",-1.85754,53.72702
"520",-122.2363548,37.4852152
"521",-0.067204,52.969021
"522",-92.1004852,46.7866719
"523",-74.0059413,40.7127837
"524",-82.4571776,27.950575
"525",133.775136,-25.274398
"526",133.775136,-25.274398
"527",-79.3870749,9.0669877
"528",51.5310398,25.2854473
"529",-96.373747,30.6735749
"530",-111.7573521,32.8795022
"531",-106.7636538,32.3199396
"532",-43.1728965,-22.9068467
"533",-116.419389,38.8026097
"534",-0.1277583,51.5073509
"535",77.2090212,28.6139391
"537",-84.4382721,33.8498184
"540",-71.4128343,41.8239891
"541",-74.0059413,40.7127837
"542",-95.712891,37.09024
"543",-88.8766116,37.1398424
"544",-67.0345443,10.349223
"545",-77.043989,38.9098842
"547",76.7794179,30.7333148
"548",76.7794179,30.7333148
"550",-71.0782651,42.3473129
"554",-97.5164276,35.4675602
"555",-82.7873244,27.9094665
"556",-80.1449494,41.649349
"557",-99.9018131,31.9685988
"559",-118.2436849,34.0522342
"560",-84.7233143,45.0244775
"561",-78.6381787,35.7795897
"563",-58.443832,-23.442503
"564",-70.099451,41.2834704
"565",-120.9968782,37.6390972
"566",-74.0326395,40.9912087
"567",18.0685808,59.3293235
"568",-84.3879824,33.7489954
"569",-73.9788248,40.7521501
"571",-79.0849436,43.0895577
"572",19.699024,48.669026
"573",106.9755726,-6.2382699
"574",-80.1373174,26.1224386
"575",-71.2478251,42.0653812
"576",-74.0059413,40.7127837
"578",-105.7820674,39.5500507
"579",-106.6129085,35.0433333
"580",-2.2426305,53.4807593
"581",-0.540579,53.230688
"582",-71.0588801,42.3600825
"583",-118.2436849,34.0522342
"584",-82.499394,27.271076
"585",-75.5276699,38.9108325
"586",-71.2643465,42.0909458
"587",-111.0937311,39.3209801
"588",-95.712891,37.09024
"589",-115.1398296,36.1699412
"592",-2.277593,52.3417839
"593",3.3792057,6.5243793
"594",-71.0588801,42.3600825
"595",-87.8833991,42.0333623
"597",-82.3940104,34.8526176
"598",77.5945627,12.9715987
"599",-1.210218,51.7606008
"600",-0.0722785,51.6049674
"601",-87.771964,41.909611
"602",-80.0728201,26.4614625
"603",77.5945627,12.9715987
"605",-117.8531119,33.7877944
"606",-77.0368707,38.9071923
"607",77.2090212,28.6139391
"608",-16.2518467,28.4636296
"609",-3.7033725,40.4162883
"610",-80.258378,36.043226
"612",-86.3442107,34.3614336
"613",-95.3698028,29.7604267
"614",-81.5157535,27.6648274
"616",25.461839,35.293011
"617",-74.1723667,40.735657
"618",-83.9811014,34.1140497
"619",-75.1652215,39.9525839
"621",-122.3255254,37.5629917
"622",-0.1277583,51.5073509
"623",153.0251235,-27.4697707
"624",-0.1277583,51.5073509
"625",-90.1842764,38.8906038
"626",1.0990045,49.4367322
"627",-87.605462,38.759245
"628",-82.4571776,27.950575
"629",-95.3698028,29.7604267
"630",78.96288,20.593684
"631",-89.7678746,39.5008866
"632",0.5217254,51.2787075
"633",-0.1277583,51.5073509
"634",-88.2825668,42.0354084
"636",-102.4107493,34.2331373
"637",101.975766,4.210484
"639",-105.2551187,54.5259614
"640",-83.1497751,42.6064095
"641",-95.712891,37.09024
"642",-118.059801,33.974778
"643",-80.8431267,35.2270869
"644",-117.1610838,32.715738
"645",-75.1623841,39.9490387
"646",-118.2436849,34.0522342
"647",101.6533256,3.2535016
"648",-91.8318334,37.9642529
"649",-77.0368707,38.9071923
"650",-97.3307658,32.7554883
"651",-84.3879824,33.7489954
"652",-95.712891,37.09024
"653",8.185997,48.2774862
"654",2.213749,46.227638
"657",-99.9018131,31.9685988
"658",-84.3879824,33.7489954
"659",-102.552784,23.634501
"660",-76.4418868,41.6000752
"661",135.4523282,34.6830488
"662",-58.3815591,-34.6036844
"663",-75.111178,39.702349
"664",-58.5029706,-34.6572422
"665",-58.2546051,-34.7206336
"667",74.7863698,13.3605015
"668",-84.9123359,39.1680699
"670",44.3803921,35.4655761
"671",112.7520883,-7.2574719
"672",102.2153872,5.767933
"673",31.2357116,30.0444196
"674",42.590275,11.825138
"676",-82.2859247,27.937801
"677",138.252924,36.204824
"678",-105.7820674,39.5500507
"679",-118.2436849,34.0522342
"680",151.2092955,-33.8688197
"681",13.0816305,37.5085148
"682",-0.168749,50.8279319
"683",-86.3442107,34.3614336
"685",21.824312,39.074208
"687",-58.6741344,-34.634231
"689",-83.0146526,42.5144566
"690",100.5017651,13.7563309
"691",-84.5499327,33.952602
"692",-81.3792365,28.5383355
"693",-110.926479,32.2217429
"695",-95.3698028,29.7604267
"696",-119.4179324,36.778261
"697",-0.1277583,51.5073509
"698",78.1204073,20.3887937
"699",-77.1945247,41.2033216
"700",113.921327,-0.789275
"702",-96.2327522,41.2426477
"703",-117.8903397,34.0900091
"704",75.3412179,31.1471305
"705",-3.7837117,52.1306607
"707",-82.9000751,32.1656221
"708",-87.875644,43.3872247
"709",-3.7175684,40.409337
"710",-80.1917902,25.7616798
"711",-84.1052256,40.742551
"712",-86.5804473,35.5174913
"714",-0.1277583,51.5073509
"715",-122.2913078,37.8271784
"717",-118.2436849,34.0522342
"718",-97.7240495,30.4919176
"721",-74.0059413,40.7127837
"723",139.6917064,35.6894875
"724",-149.1127778,61.5997222
"727",76.3868797,30.3397809
"728",-149.4936733,64.2008413
"729",-99.9018131,31.9685988
"730",107.6168529,-6.8907727
"731",-99.9018131,31.9685988
"733",-116.419389,34.9592083
"734",9.537499,33.886917
"735",-80.1917902,25.7616798
"736",-73.9441579,40.6781784
"737",-66.9036063,10.4805937
"738",-74.0059413,40.7127837
"739",-74.2505407,40.5030601
"740",-98.1244531,29.7030024
"742",-84.6125364,45.4125117
"743",-71.0588801,42.3600825
"744",-1.3080629,51.0576948
"747",-85.4807825,32.6098566
"748",-111.9738304,41.223
"749",-149.4936733,64.2008413
"752",-2.2426305,53.4807593
"753",31.03351,-17.8251657
"754",-104.990251,39.7392358
"756",-70.162651,18.735693
"757",-3.8099803,43.4623057
"759",-119.0167679,36.06523
"761",-73.9856644,40.7484405
"762",-63.616672,-38.416097
"763",-84.7241133,39.02756
"764",-43.1819148,-22.9070828
"765",10.5733248,43.8419022
"766",-78.7355728,35.4132168
"767",-88.89653,13.794185
"769",-63.616672,-38.416097
"770",-79.0192997,35.7595731
"771",-71.4651283,43.0967213
"772",-66.58973,6.42375
"773",10.89779,48.3705449
"774",5.9810958,50.0680449
"775",-82.9286428,42.6651965
"777",-80.1917902,25.7616798
"778",-77.297508,18.109581
"779",-74.0059413,40.7127837
"780",106.822745,-6.1744651
"784",-3.7038322,40.4167515
"785",-158.0000565,21.4389123
"786",-100.3161126,25.6866142
"788",12.4963655,41.9027835
"789",17.1011931,40.7928393
"790",-70.6692655,-33.4488897
"791",-86.9123217,30.4109342
"792",-95.3698028,29.7604267
"793",-89.4012371,43.067863
"794",34.41611,53.2635306
"795",2.3522219,48.856614
"797",-122.3320708,47.6062095
"798",1.127771,51.370922
"800",-71.0588801,42.3600825
"801",21.824312,39.074208
"802",-94.9966005,30.4979813
"803",-72.5204827,9.967492
"804",8.2366553,48.9516824
"805",-118.2436849,34.0522342
"806",10.9916215,45.4383842
"807",-93.097702,41.8780025
"809",-71.0588801,42.3600825
"810",-78.8783689,42.8864468
"811",-96.7969879,32.7766642
"813",-113.4909267,53.544389
"815",-66.58973,6.42375
"816",-81.3792365,28.5383355
"817",2.39851,48.792001
"818",-94.5785667,39.0997265
"819",6.2080932,48.8744233
"821",-70.2962408,41.6687897
"822",-86.7360568,21.2384238
"823",-79.3831843,43.653226
"824",11.7847012,45.0755762
"825",-84.5524358,35.9339638
"827",-88.2667534,42.333355
"828",-0.1277583,51.5073509
"830",35.2032778,33.2721479
"831",-119.4179324,36.778261
"832",31.16558,48.379433
"833",-50.5821037,-27.282855
"835",-87.6297982,41.8781136
"836",-95.712891,37.09024
"837",-79.7919754,36.0726354
"838",-121.8938583,39.0743383
"839",-79.8744836,43.8363372
"840",30.7133233,36.8968908
"841",121.0647225,14.6545721
"842",-81.5322149,28.6934076
"845",-119.4179324,36.778261
"847",7.6868565,45.070312
"848",-95.712891,37.09024
"849",-93.5152228,45.2560497
"850",-95.712891,37.09024
"851",-1.890401,52.486243
"852",-120.8958242,38.8375215
"853",-2.094523,53.478764
"854",-95.712891,37.09024
"855",-80.3992652,25.6653934
"857",-99.9018131,31.9685988
"858",-95.712891,37.09024
"859",-111.8910474,40.7607793
"861",-84.3879824,33.7489954
"862",-36.954107,-8.8137173
"863",5.761773,49.519919
"865",-95.712891,37.09024
"866",-76.2710833,-12.2720956
"868",20.168331,41.153332
"869",19.145136,51.919438
"870",-71.3824374,42.4072107
"871",-74.0059413,40.7127837
"872",-2.2426305,53.4807593
"874",-73.9712488,40.7830603
"875",-80.2533838,35.8240265
"877",-77.0368707,38.9071923
"878",-71.4774291,41.5800945
"879",-111.8314724,33.4151843
"881",-91.9099238,37.3673645
"882",-118.344405,34.1535544
"883",-77.0368707,38.9071923
"884",-71.0475773,42.3381437
"885",-97.7430608,30.267153
"886",-149.4936733,64.2008413
"888",-105.7820674,39.5500507
"889",-73.9441579,40.6781784
"890",-81.0998342,32.0835407
"892",-51.92528,-14.235004
"893",10.7522454,59.9138688
"894",-88.7878678,43.7844397
"895",-97.7240495,30.4919176
"896",-4.2026458,56.4906712
"897",-96.7969879,32.7766642
"898",-0.448632,51.753241
"899",-87.6736467,41.9081103
"901",-95.3698028,29.7604267
"902",-1.1306544,37.9922399
"903",7.5407494,44.9334927
"904",-96.9083366,32.6518004
"905",-80.9620582,34.0426948
"907",2.3522219,48.856614
"909",120.8220827,18.5874677
"910",-5.580576,54.367727
"911",113.921327,-0.789275
"912",-118.281693,33.8316745
"913",-82.3878709,28.5552719
"914",-2.2973348,53.5910778
"916",-93.458109,37.613775
"917",-3.430838,56.394994
"919",45.079162,23.885942
"920",-52.7125768,47.5615096
"921",-112.0740373,33.4483771
"924",-77.0368707,38.9071923
"925",7.5885761,47.5595986
"926",116.419389,0.5386586
"929",-73.9202391,41.6002842
"931",-43.1728965,-22.9068467
"932",-70.9915997,42.4136428
"933",-95.4612625,30.1658207
"934",16.3883829,-21.5468249
"935",-84.3879824,33.7489954
"936",-74.0059413,40.7127837
"937",-95.3698028,29.7604267
"938",-120.7401386,47.7510741
"939",-73.9202391,41.6002842
"940",-79.0867579,43.8384117
"941",-84.4597071,33.9033344
"942",20.4397566,44.788241
"943",-51.92528,-14.235004
"945",-90.0715323,29.9510658
"946",-87.6297982,41.8781136
"947",-79.3831843,43.653226
"949",174.776236,-41.2864603
"950",113.921327,-0.789275
"951",-81.5157535,27.6648274
"952",-71.9674626,-13.53195
"953",-86.5804473,35.5174913
"955",-97.396381,27.8005828
"956",-82.3017728,30.3931168
"957",-95.712891,37.09024
"959",-89.3985283,32.3546679
"960",-83.7049498,42.7978061
"961",151.2092955,-33.8688197
"963",-1.308648,53.691688
"966",-1.61778,54.978252
"967",-96.1513627,32.3345888
"968",-43.9344931,-19.9166813
"969",-77.0368707,38.9071923
"970",-95.712891,37.09024
"973",-111.0937311,34.0489281
"974",-95.712891,37.09024
"975",-73.227626,44.3806065
"976",-77.0368707,38.9071923
"978",-122.2913078,37.8271784
"979",-118.2914872,33.9891116
"980",78.96288,20.593684
"981",-0.1277583,51.5073509
"982",-0.7594171,52.0406224
"983",46.199616,5.152149
"984",-94.0723226,46.2814568
"986",34.851612,31.046051
"987",-71.0588801,42.3600825
"988",-95.5669786,29.7242419
"990",76.5761714,33.778175
"991",121.774017,12.879721
"992",-120.5542012,43.8041334
"993",-112.4685025,34.5400242
"994",-55.9358581,-29.7445673
"995",-74.4056612,40.0583238
"999",-0.108544,51.368479
"1000",-73.9441579,40.6781784
"1001",-99.9018131,31.9685988
"1002",-97.1183568,32.8388656
"1003",-74.0045071,40.7283222
"1004",-97.5466702,30.5426995
"1005",-84.5538165,33.3023411
"1006",-104.990251,39.7392358
"1007",-97.6742533,30.3891701
"1009",-84.2988126,33.8920468
"1010",-106.346771,56.130366
"1011",-95.712891,37.09024
"1012",-73.087749,41.6032207
"1013",-86.9300023,35.751179
"1014",-84.3879824,33.7489954
"1015",153.1932534,-28.6104322
"1017",-58.3815591,-34.6036844
"1018",-43.1728965,-22.9068467
"1019",-95.4032821,29.9806421
"1020",-51.92528,-14.235004
"1021",-91.9623327,30.9842977
"1022",-89.3985283,40.6331249
"1024",-3.435973,55.378051
"1025",-73.597479,45.5595758
"1026",-5.9844589,37.3890924
"1027",92.9375739,26.2006043
"1028",-48.7791401,-22.3517806
"1029",144.9937739,-37.8491409
"1030",-87.6297982,41.8781136
"1032",-122.3320708,47.6062095
"1033",-74.1606613,40.6071081
"1035",-74.0059413,40.7127837
"1037",-99.1712821,19.4121597
"1038",-79.532157,43.8169837
"1039",-77.0368707,38.9071923
"1041",18.643501,60.128161
"1042",-121.8946761,36.6002378
"1043",-118.2436849,34.0522342
"1044",-95.712891,37.09024
"1046",-118.2436849,34.0522342
"1047",-87.6297982,41.8781136
"1050",-76.2710833,-12.2720956
"1051",-91.452588,44.869176
"1052",-86.1349019,40.2671941
"1053",-86.158068,39.768403
"1054",-71.7147951,10.6544509
"1055",-92.2634136,14.9055567
"1056",-100.9836611,25.43208
"1058",-103.3496092,20.6596988
"1059",-74.0059413,40.7127837
"1063",-85.6102507,42.2837336
"1064",-85.6023643,44.3148443
"1066",-73.4170673,40.6789893
"1067",-80.1917902,25.7616798
"1068",-83.753428,9.748917
"1069",-73.4673454,40.7764882
"1070",-95.2352501,38.9716689
"1071",-84.3879824,33.7489954
"1072",-122.6764816,45.5230622
"1074",-85.7613536,33.8137125
"1075",14.5282718,45.9588213
"1076",-71.0588801,42.3600825
"1077",-79.3831843,43.653226
"1078",-121.2160526,37.7974273
"1079",-4.2026458,56.4906712
"1081",-118.2117257,34.0297895
"1082",-73.7868236,42.9854395
"1083",-4.251806,55.864237
"1084",-112.0740373,33.4483771
"1087",-67.9972104,10.1579312
"1088",-95.712891,37.09024
"1090",-74.0059413,40.7127837
"1093",-0.1277583,51.5073509
"1094",-71.0588801,42.3600825
"1095",-0.1277583,51.5073509
"1096",-82.907123,40.4172871
"1097",-3.8080783,53.0711149
"1098",-3.435973,55.378051
"1099",-3.943646,51.62144
"1100",-1.3289821,54.5704551
"1101",-2.2426305,53.4807593
"1103",-74.4056612,40.0583238
"1104",-0.902918,51.4516523
"1105",-71.3824374,42.4072107
"1106",-3.435973,55.378051
"1107",-95.712891,37.09024
"1108",-77.1945247,41.2033216
"1109",153.1932534,-28.6104322
"1112",-117.9242966,33.8703596
"1113",-118.4911912,34.0194543
"1114",-101.3544964,20.6786652
"1115",-71.7147951,10.6544509
"1116",-84.3879824,33.7489954
"1117",-74.072092,4.7109886
"1118",-95.712891,37.09024
"1119",2.1734035,41.3850639
"1120",-78.183406,-1.831239
"1121",-56.1645314,-34.9011127
"1122",2.5280732,49.6636127
"1123",-97.3307658,32.7554883
"1125",-122.286865,38.2975381
"1126",-82.9000751,32.1656221
"1127",-117.2897652,34.1083449
"1129",101.4477793,0.5070677
"1130",-79.3831843,43.653226
"1131",-57.3666027,-25.501405
"1132",-75.1652215,39.9525839
"1133",-79.532157,43.8169837
"1134",18.643501,60.128161
"1135",107.3202333,-6.3054002
"1136",-66.6140616,18.0110768
"1138",90.4125181,23.810332
"1139",77.2090212,28.6139391
"1140",-99.9018131,31.9685988
"1141",9.266705,45.5003088
"1143",23.3218675,42.6977082
"1144",-122.4194155,37.7749295
"1147",-118.2436849,34.0522342
"1148",-83.7802214,42.5294773
"1149",9.501785,56.26392
"1150",-119.4179324,36.778261
"1151",-118.2436849,34.0522342
"1152",-73.9202391,41.6002842
"1153",-74.0059413,40.7127837
"1154",-73.087749,41.6032207
"1155",-118.1445155,34.1477849
"1156",-79.9958864,40.4406248
"1157",12.56738,41.87194
"1158",-83.753428,9.748917
"1159",-9.3816589,38.8028687
"1160",-99.9018131,31.9685988
"1161",-77.0368707,38.9071923
"1162",-99.9018131,31.9685988
"1164",-94.6858998,46.729553
"1165",-95.712891,37.09024
"1166",-74.0059413,40.7127837
"1167",-83.3527097,42.36837
"1168",-79.3831843,43.653226
"1169",-79.3831843,43.653226
"1170",-95.617846,30.096727
"1171",-105.097844,39.6304329
"1172",-93.2197005,45.3292832
"1173",-95.712891,37.09024
"1174",119.4327314,-5.1476651
"1175",-74.0059413,40.7127837
"1176",10.89779,48.3705449
"1177",-35.200916,-5.7792569
"1178",-85.6023643,44.3148443
"1179",-84.366996,33.754116
"1180",-79.4115158,43.6651809
"1181",2.3522219,48.856614
"1182",-96.4980424,33.1801161
"1183",-71.2190578,42.0334565
"1185",144.963056,-37.813611
"1186",-74.0059413,40.7127837
"1187",-90.5776367,41.5236437
"1188",-96.7969879,32.7766642
"1189",-0.370679,49.182863
"1193",55.166667,25.216667
"1194",-43.1728965,-22.9068467
"1195",-63.616672,-38.416097
"1196",-122.3256608,47.6797182
"1198",-71.6884912,-35.5183364
"1200",-81.5215093,40.7967244
"1202",-81.7512107,41.4301349
"1206",-117.9686755,33.9930677
"1209",47.481766,29.31166
"1211",174.7633315,-36.8484597
"1212",-71.0819042,42.3473046
"1213",174.7633315,-36.8484597
"1214",136.5085883,34.7302829
"1216",-78.6568942,37.4315734
"1217",-74.4056612,40.0583238
"1219",-84.3879824,33.7489954
"1220",-93.2228069,44.0906315
"1221",-97.396381,27.8005828
"1222",78.96288,20.593684
"1223",-71.0588801,42.3600825
"1224",-78.9228978,35.0857393
"1226",-71.4128343,41.8239891
"1228",-106.346771,56.130366
"1230",-74.0059413,40.7127837
"1231",-104.990251,39.7392358
"1233",-78.4727976,42.5300624
"1234",113.921327,-0.789275
"1235",-77.1945247,41.2033216
"1236",-84.3879824,33.7489954
"1237",-93.6091064,41.6005448
"1238",-122.6554588,45.5231978
"1239",-80.1289321,26.3683064
"1240",-70.1807462,44.08642
"1241",-94.503122,37.077469
"1242",101.686855,3.139003
"1243",-95.3698028,29.7604267
"1246",-90.0715323,29.9510658
"1247",-92.2895948,34.7464809
"1248",12.354722,7.369722
"1249",-66.6431151,45.9635895
"1251",-121.941566,37.3804088
"1252",7.02158,50.9317218
"1253",-74.8062648,7.6056826
"1255",75.7138884,15.3172775
"1256",-121.4943996,38.5815719
"1257",-74.0059413,40.7127837
"1259",-0.1869644,5.6037168
"1261",-74.4056612,40.0583238
"1262",-87.0738851,20.6295586
"1264",-76.1474244,43.0481221
"1265",-119.4179324,36.778261
"1266",-3.435973,55.378051
"1267",-110.3625658,46.8796822
"1269",-98.2377114,26.2431847
"1270",-78.183406,-1.831239
"1272",-72.558135,42.853053
"1273",-91.9623327,30.9842977
"1274",-73.8648268,40.8447819
"1275",-83.7823938,31.9635074
"1276",-59.0243784,-27.4257175
"1277",104.195397,35.86166
"1278",106.845599,-6.2087634
"1280",-118.3215482,34.1341151
"1281",-80.1917902,25.7616798
"1284",-71.542969,-35.675147
"1287",-111.0937311,34.0489281
"1288",-1.1743197,52.3555177
"1289",-111.0937311,34.0489281
"1290",17.0385376,51.1078852
"1291",-92.2895948,34.7464809
"1292",-97.7430608,30.267153
"1293",-71.0588801,42.3600825
"1294",-99.1712821,19.4121597
"1295",-106.4850217,31.7618778
"1297",-95.3698028,29.7604267
"1298",-75.1196199,39.9259463
"1300",4.469936,50.503887
"1301",-2.094278,57.149717
"1302",-4.251806,55.864237
"1303",-1.1397592,52.6368778
"1304",-85.6023643,44.3148443
"1306",-81.1637245,33.836081
"1307",-78.6381787,35.7795897
"1309",101.686855,3.139003
"1310",-74.0059413,40.7127837
"1311",-4.251806,55.864237
"1312",-105.7820674,39.5500507
"1313",-99.9018131,31.9685988
"1314",-81.4498717,37.2232316
"1315",-118.4911912,34.0194543
"1316",-123.1207375,49.2827291
"1317",-2.9915726,53.4083714
"1318",-119.7725868,36.7468422
"1319",-82.9987942,39.9611755
"1320",-85.5514237,43.2233604
"1321",-73.9970307,40.7157509
"1322",-112.84184,49.69349
"1324",-117.8311428,33.7174708
"1326",-75.1648579,39.9490779
"1330",8.468946,60.472024
"1331",-87.6297982,41.8781136
"1332",-74.0059413,40.7127837
"1333",-108.5567,37.34923
"1334",10.451526,51.165691
"1335",-97.7430608,30.267153
"1336",-118.390279,34.067432
"1337",-99.9018131,43.9695148
"1338",-77.1067698,38.8799697
"1341",72.8798441,19.115692
"1342",106.6527099,-6.2023936
"1343",-114.7420408,44.0682019
"1344",-77.1945247,41.2033216
"1345",-119.7725868,36.7468422
"1346",-105.1685977,39.9527634
"1347",39.5691841,24.5246542
"1348",-79.8711024,43.2557206
"1349",-97.3307658,32.7554883
"1350",-77.216339,38.927775
"1351",-4.2026458,56.4906712
"1352",20.5843112,49.0202097
"1353",-99.9018131,31.9685988
"1354",-81.5190053,41.0814447
"1355",-79.953926,39.626669
"1356",-73.9441579,40.6781784
"1357",-97.5086408,25.9434615
"1358",-83.0457538,42.331427
"1360",-84.3879824,33.7489954
"1361",-95.712891,37.09024
"1362",-82.1811947,28.2336196
"1363",-119.4179324,36.778261
"1364",-84.2122434,36.4578953
"1365",-99.9018131,31.9685988
"1366",-90.1994042,38.6270025
"1367",-73.087749,41.6032207
"1369",-71.3824374,42.4072107
"1370",-77.0368707,38.9071923
"1371",-71.0588801,42.3600825
"1372",9.1859243,45.4654219
"1373",78.96288,20.593684
"1374",-94.5672342,38.9277072
"1375",-90.1994042,38.6270025
"1376",-82.9000751,32.1656221
"1377",-75.1652215,39.9525839
"1378",-102.552784,23.634501
"1379",69.345116,30.375321
"1380",-0.1277583,51.5073509
"1381",6.642433,36.360155
"1382",-85.7077266,32.430237
"1384",-77.7905339,35.9382103
"1385",-97.5164276,35.4675602
"1388",-84.3879824,33.7489954
"1389",-89.4311847,30.4692015
"1390",-92.1053864,37.8287218
"1391",-95.712891,37.09024
"1392",144.963056,-37.813611
"1393",-84.3879824,33.7489954
"1395",-86.5804473,35.5174913
"1396",-111.962409,33.406366
"1397",-118.3556089,34.1178893
"1398",106.822745,-6.1744651
"1399",-80.1385979,25.9276597
"1400",-95.9979883,41.2523634
"1401",-98.2300124,26.2034071
"1402",-71.636864,43.3243931
"1404",106.822745,-6.1744651
"1405",-91.8318334,37.9642529
"1406",-74.4056612,40.0583238
"1407",-97.7430608,30.267153
"1408",-84.3879824,33.7489954
"1409",-84.3879824,33.7489954
"1410",151.2092955,-33.8688197
"1411",-84.3879824,33.7489954
"1412",-84.3879824,33.7489954
"1413",5.810984,51.0340446
"1414",-84.3879824,33.7489954
"1415",-87.6297982,41.8781136
"1416",-79.532157,43.8169837
"1417",-75.2424229,39.8743959
"1418",-95.712891,37.09024
"1419",-85.6023643,44.3148443
"1420",-71.4774291,41.5800945
"1421",-119.4179324,36.778261
"1422",-81.5157535,27.6648274
"1423",-97.7430608,30.267153
"1424",-73.7948516,40.7282239
"1425",-73.087749,41.6032207
"1427",-73.9757026,40.7497769
"1428",-95.712891,37.09024
"1429",-118.856004,34.216442
"1430",113.921327,-0.789275
"1431",-87.4118812,39.4414549
"1432",107.7607951,-6.5622888
"1433",-85.5321154,37.3351045
"1435",144.963056,-37.813611
"1436",-73.087749,41.6032207
"1437",-85.3232139,51.253775
"1438",-87.771964,41.909611
"1439",-97.7430608,30.267153
"1440",-95.3698028,29.7604267
"1441",-95.712891,37.09024
"1442",-73.2103934,40.7298207
"1443",-87.7115658,41.9138194
"1444",-149.5680499,61.3293186
"1445",-71.2478251,42.0653812
"1447",-95.4799418,30.4249276
"1448",-103.2310149,44.0805434
"1449",-83.860493,33.5967091
"1450",133.775136,-25.274398
"1452",-105.2705456,40.0149856
"1453",-2.96083,53.4308294
"1454",-102.4107493,34.2331373
"1456",-81.1637245,33.836081
"1457",-106.346771,56.130366
"1460",-85.6680863,42.9633599
"1461",-77.0402315,38.851242
"1462",-84.5120196,39.1031182
"1464",-71.0588801,42.3600825
"1465",-118.0840212,33.728714
"1466",-122.4194155,37.7749295
"1467",-78.8696131,42.8895784
"1468",-83.9879625,33.9562149
"1470",-74.0059413,40.7127837
"1472",-0.1277583,51.5073509
"1474",-118.2436849,34.0522342
"1475",-97.1080656,32.735687
"1476",-82.9000751,32.1656221
"1477",-106.1020263,28.660437
"1478",-74.0059413,40.7127837
"1479",138.252924,36.204824
"1480",153.1932534,-28.6104322
"1481",-95.5377215,29.6185669
"1482",-94.8982955,29.3954999
"1483",-77.2200841,39.1433077
"1485",-97.5201797,35.4694118
"1487",-97.0442981,32.7865891
"1490",-73.5831835,40.6576022
"1492",-74.0059413,40.7127837
"1494",-118.2470443,34.0724224
"1495",-118.2436849,34.0522342
"1499",-0.1585385,51.5237715
"1500",-106.346771,56.130366
"1502",-93.7501789,32.5251516
"1503",-99.9018131,31.9685988
"1504",-106.4850217,31.7618778
"1506",-111.8568586,31.8500823
"1507",-117.8311428,33.7174708
"1510",103.7618154,1.4853682
"1511",-86.3442107,34.3614336
"1512",-82.0105148,33.4734978
"1513",-113.4909267,53.544389
"1515",-78.6568942,37.4315734
"1516",-79.8583721,36.5768046
"1517",-86.3442107,34.3614336
"1518",-78.922838,35.0852159
"1519",-111.8910474,40.7607793
"1520",-121.4943996,38.5815719
"1521",-82.9000751,32.1656221
"1522",-48.374721,-1.3642722
"1523",-74.4056612,40.0583238
"1524",-84.3879824,33.7489954
"1525",100.992541,15.870032
"1526",-98.7481167,36.7181862
"1527",-5.8462557,54.634447
"1528",-93.2777226,44.7677424
"1529",-120.5542012,43.8041334
"1530",-95.2352501,38.9716689
"1531",-95.712891,37.09024
"1532",-73.9202391,41.6002842
"1533",-82.457099,38.4278605
"1534",-95.712891,37.09024
"1536",-71.3405513,44.077229
"1538",-122.2566367,38.1040864
"1539",-71.3824374,42.4072107
"1540",-118.1164613,34.5794343
"1541",-73.986652,40.7315089
"1542",-0.1850596,51.4113749
"1543",-73.7206,40.7095295
"1544",-102.4107493,34.2331373
"1545",-71.0588801,42.3600825
"1546",-80.1917902,25.7616798
"1549",-8.4265071,41.5454714
"1551",-99.9018131,31.9685988
"1552",10.89779,48.3705449
"1553",-2.2426305,53.4807593
"1555",-3.7033725,40.4162883
"1558",-7.8627308,38.0153039
"1560",-100.3161126,25.6866142
"1561",74.2179326,27.0238036
"1564",-118.2436849,34.0522342
"1565",-94.525958,45.3341466
"1566",76.085601,29.0587757
"1568",3.876716,43.610769
"1569",-77.0368707,38.9071923
"1570",2.213749,46.227638
"1571",-99.9018131,31.9685988
"1572",-1.829833,52.4750743
"1573",-74.0059413,40.7127837
"1574",-81.8691228,28.7391313
"1576",-0.1277583,51.5073509
"1577",-106.346771,56.130366
"1578",6.1552165,52.2660751
"1579",-74.0059413,40.7127837
"1580",-67.7939057,47.065878
"1582",28.0473051,-26.2041028
"1585",-82.3940104,34.8526176
"1586",-86.902298,32.3182314
"1587",-86.7483318,34.6992579
"1588",2.5280732,49.6636127
"1590",-2.2426305,53.4807593
"1591",-97.092877,35.0077519
"1592",-74.3118212,41.8586493
"1593",-74.0059413,40.7127837
"1594",-95.3698028,29.7604267
"1595",-81.120805,44.582304
"1598",-73.9757635,40.6821487
"1599",121.774017,12.879721
"1600",145.7780548,-16.9185514
"1601",-86.1349019,40.2671941
"1602",0.4685497,51.7355868
"1603",-71.0994968,42.3875968
"1604",-83.5176698,42.4993551
"1605",113.921327,-0.789275
"1606",-1.479726,53.55263
"1607",-71.9129806,43.872129
"1608",21.0122287,52.2296756
"1609",-4.019337,55.862241
"1610",-82.4542632,27.0997775
"1611",-97.678896,30.5082551
"1612",-8.1096142,54.653827
"1613",-123.133569,49.1665898
"1614",-95.712891,37.09024
"1615",-104.7925253,38.785677
"1616",-100.5247435,40.6269856
"1619",-49.267137,-25.4289541
"1620",26.1595761,-29.085214
"1621",10.451526,51.165691
"1623",-77.0368707,38.9071923
"1624",-90.3074646,29.4737142
"1626",-118.2436849,34.0522342
"1627",-77.1945247,41.2033216
"1628",150.6465594,-33.9085523
"1630",-94.361916,45.9670161
"1631",-122.3127747,47.667344
"1632",-72.9106202,41.5083668
"1634",-79.3898585,43.67
"1635",-90.0715323,29.9510658
"1636",-91.9623327,30.9842977
"1637",106.8060388,-6.5971469
"1638",-84.3879824,33.7489954
"1639",-95.712891,37.09024
"1640",-51.92528,-14.235004
"1641",-44.5550308,-18.512178
"1643",-118.2436849,34.0522342
"1644",-122.2011075,40.1998777
"1645",103.819836,1.352083
"1646",-99.9018131,31.9685988
"1647",-98.4936282,29.4241219
"1649",-84.3879824,33.7489954
"1650",-81.4726487,28.4729472
"1652",-96.7969879,32.7766642
"1653",-78.7811169,35.79154
"1655",-112.5837766,33.3703197
"1656",-71.4774291,41.5800945
"1657",-99.9018131,31.9685988
"1658",-71.0588801,42.3600825
"1659",-0.0293396,51.5202607
"1660",-112.0740373,33.4483771
"1661",-71.0588801,42.3600825
"1662",-119.4179324,36.778261
"1663",-115.292002,36.160624
"1666",-51.92528,-14.235004
"1667",19.699024,48.669026
"1668",-72.8069247,41.2788808
"1669",-95.712891,37.09024
"1670",-71.0588801,42.3600825
"1674",-79.0192997,35.7595731
"1675",-95.712891,37.09024
"1676",-88.938636,30.459235
"1677",12.56738,41.87194
"1678",-122.4194155,37.7749295
"1679",-84.3879824,33.7489954
"1681",-73.6742323,40.7422572
"1683",-118.2436849,34.0522342
"1684",-102.348366,31.875925
"1685",28.9783589,41.0082376
"1686",2.213749,46.227638
"1687",115.66283,-2.2179704
"1688",-78.8732202,34.150434
"1689",-82.907123,40.4172871
"1690",-71.0588801,42.3600825
"1691",-73.212072,44.4758825
"1692",12.453389,41.902916
"1693",-58.443832,-23.442503
"1695",-117.9186689,33.6411316
"1696",-95.712891,37.09024
"1697",-85.6023643,44.3148443
"1698",-70.8226541,43.9653889
"1700",5.8372264,51.8125626
"1702",-99.9018131,31.9685988
"1704",-94.1975786,41.0284183
"1705",12.56738,41.87194
"1706",2.3522219,48.856614
"1707",-91.9623327,30.9842977
"1708",-105.2705456,40.0149856
"1710",-81.1637245,33.836081
"1711",47.481766,29.31166
"1712",-77.0368707,38.9071923
"1714",69.345116,30.375321
"1717",27.5615244,53.9045398
"1719",15.472962,49.817492
"1720",10.9097607,45.9268706
"1722",78.96288,20.593684
"1727",-76.535758,3.45246
"1729",2.3990819,48.9320252
"1732",-51.92528,-14.235004
"1733",-97.6779842,30.6332618
"1734",-80.4831917,43.450301
"1735",18.643501,60.128161
"1736",-95.712891,37.09024
"1737",-75.1652215,39.9525839
"1739",-74.0059413,40.7127837
"1740",-86.7816016,36.1626638
"1742",-58.017434,-31.3913921
"1744",14.705431,36.9306215
"1745",-75.6971931,45.4215296
"1747",-99.1578917,19.4247338
"1749",-119.4179324,36.778261
"1750",-114.0708459,51.0486151
"1751",-2.214865,53.5215991
"1752",115.8604572,-31.9505269
"1753",-123.1207375,49.2827291
"1754",14.2681244,40.8517746
"1755",-51.92528,-14.235004
"1756",-82.7368616,42.6811436
"1757",-55.765835,-32.522779
"1758",144.963056,-37.813611
"1759",-90.1994042,38.6270025
"1760",2.213749,46.227638
"1761",-77.1945247,41.2033216
"1762",-79.3871212,43.645266
"1763",13.404954,52.5200066
"1764",1.858686,50.95129
"1765",-77.1772604,38.9338676
"1766",-75.9097765,45.347531
"1767",-95.712891,37.09024
"1768",-0.1277583,51.5073509
"1769",-96.7969879,32.7766642
"1770",-72.6506488,41.5623209
"1772",10.2712297,43.8516258
"1773",-75.6971931,45.4215296
"1774",-2.4361056,53.4127198
"1775",-86.9080655,40.4258686
"1776",-117.7946942,33.6839473
"1777",-43.1728965,-22.9068467
"1778",-99.9018131,31.9685988
"1780",-86.5263857,39.165325
"1781",-76.6412712,39.0457549
"1784",-86.2519898,41.6763545
"1788",8.2722569,50.4859255
"1789",-0.1277583,51.5073509
"1790",-115.1398296,36.1699412
"1792",-73.9908163,40.7571517
"1794",-82.8670839,34.1112226
"1795",-96.7142613,33.1320826
"1796",-74.0059413,40.7127837
"1797",1.73252,44.075931
"1798",-118.2436849,34.0522342
"1799",-77.0037735,39.0999011
"1800",-87.2169149,30.421309
"1801",-95.3698028,29.7604267
"1803",-82.9000751,32.1656221
"1804",-74.0059413,40.7127837
"1805",-95.712891,37.09024
"1806",-98.4936282,29.4241219
"1808",-73.9875768,40.7556397
"1810",7.4656896,9.0631792
"1811",-94.2088172,36.3728538
"1812",-89.3985283,40.6331249
"1814",-84.3640829,33.7589188
"1815",-111.8910474,40.7607793
"1816",-83.8285375,39.4453393
"1817",-71.2825493,41.7303793
"1818",-92.1040796,46.7207737
"1819",77.2764329,28.6906285
"1820",78.96288,20.593684
"1821",-71.0588801,42.3600825
"1822",-82.4571776,27.950575
"1823",72.8776559,19.0759837
"1824",78.486671,17.385044
"1825",-86.1636149,39.7642677
"1826",-123.1207375,49.2827291
"1827",-78.8783689,42.8864468
"1828",-118.2436849,34.0522342
"1829",28.2292712,-25.7478676
"1830",-70.250557,43.656721
"1831",-80.1917902,25.7616798
"1832",-8.6291053,41.1579438
"1833",-51.92528,-14.235004
"1834",-71.3128285,41.4901024
"1835",-87.6297982,41.8781136
"1836",-72.0333905,42.0751065
"1837",-73.9918181,40.7637581
"1838",-118.2436849,34.0522342
"1842",-71.323961,43.733949
"1843",-79.532157,43.8169837
"1844",-98.2640192,30.616771
"1845",-74.0059413,40.7127837
"1847",-121.4806544,38.5770787
"1848",-71.542969,-35.675147
"1849",-79.3831843,43.653226
"1850",-90.841553,43.851721
"1851",-80.4549026,38.5976262
"1853",-74.0059413,40.7127837
"1855",-119.4179324,36.778261
"1856",12.4963655,41.9027835
"1857",-97.297108,33.087567
"1858",-93.3940436,31.3333355
"1860",25.748151,61.92411
"1861",-118.2436849,34.0522342
"1862",-63.616672,-38.416097
"1863",88.1559741,26.646384
"1865",-83.753428,9.748917
"1867",-101.8144042,41.278454
"1868",-84.4132594,33.5726113
"1869",-43.1728965,-22.9068467
"1870",-74.0059413,40.7127837
"1871",-61.370976,15.414999
"1872",-95.712891,37.09024
"1874",-71.3824374,42.4072107
"1875",-119.0187125,35.3732921
"1877",-80.1917902,25.7616798
"1878",-118.2380432,33.9386361
"1879",133.775136,-25.274398
"1881",-122.2913078,37.8271784
"1882",-119.4179324,36.778261
"1883",-74.0323626,40.7439905
"1884",-118.3286614,34.0928092
"1885",-79.532157,43.8169837
"1886",-106.346771,56.130366
"1888",-110.9632373,41.2682794
"1893",-84.2807329,30.4382559
"1894",-82.3248262,29.6516344
"1895",-109.3567638,32.2807454
"1896",-117.0844733,33.706966
"1897",-73.9441579,40.6781784
"1898",-51.92528,-14.235004
"1899",-85.6023643,44.3148443
"1900",-76.1299238,43.1347897
"1901",-84.3879824,33.7489954
"1902",-83.9811014,34.1140497
"1904",-98.4936282,29.4241219
"1905",-95.712891,37.09024
"1906",-73.9870662,40.752606
"1907",-51.92528,-14.235004
"1910",-102.4107493,34.2331373
"1911",-149.0729715,62.4113634
"1913",-79.532157,43.8169837
"1914",22.2666303,60.4518126
"1915",-71.0588801,42.3600825
"1916",-87.6297982,41.8781136
"1917",-71.0588801,42.3600825
"1918",-117.1610838,32.715738
"1919",-122.3320708,47.6062095
"1920",-87.6297982,41.8781136
"1922",-99.456155,30.0945305
"1923",-70.2962408,41.6687897
"1924",-0.1277583,51.5073509
"1926",-57.6885751,49.0117375
"1927",150.830568,-34.0516761
"1928",-82.4571776,27.950575
"1929",-97.330053,37.6871761
"1930",-106.346771,56.130366
"1932",-79.9310512,32.7764749
"1934",-83.0449347,42.9205842
"1936",-81.5157535,27.6648274
"1937",-1.5490774,53.8007554
"1938",-0.1869644,5.6037168
"1939",85.8193357,20.3085674
"1940",-1.470085,53.381129
"1941",-118.4730494,33.9879494
"1942",133.775136,-25.274398
"1943",-75.1640587,39.948826
"1947",118.796877,32.060255
"1948",-95.712891,37.09024
"1949",145.7777379,-41.0496656
"1950",-84.3879824,33.7489954
"1952",-74.0059413,40.7127837
"1956",-118.6614809,34.1367208
"1957",-117.1610838,32.715738
"1960",-80.6853433,37.1056784
"1961",-112.4455344,42.8713032
"1962",-82.3915121,34.4465018
"1963",-74.0059413,40.7127837
"1966",-73.9441579,40.6781784
"1968",-79.9958864,40.4406248
"1969",-102.4126264,34.8317071
"1970",-74.0059413,40.7127837
"1971",-79.2902133,43.0581645
"1972",-97.4069387,35.4632639
"1973",25.5207358,-33.7139247
"1975",-95.712891,37.09024
"1976",75.818674,26.9246438
"1979",-123.1059282,44.6365107
"1980",-76.6019125,39.4014955
"1982",-99.9018131,41.4925374
"1983",-120.7401386,47.7510741
"1985",-111.0937311,34.0489281
"1986",-112.0740373,33.4483771
"1987",-76.2710833,-12.2720956
"1988",-97.1436254,34.1742611
"1990",-74.0059413,40.7127837
"1991",-118.19925,34.1159867
"1992",-2.13125,49.214439
"1993",-117.7903334,34.0525193
"1995",4.8951679,52.3702157
"1996",-3.435973,55.378051
"1997",-86.5804473,35.5174913
"1998",-120.7401386,47.7510741
"2000",-74.07701,40.9262762
"2001",-88.0118473,41.7435073
"2002",-102.552784,23.634501
"2003",-83.985,42.43472
"2006",-89.9836611,30.0289167
"2007",-77.4291298,39.0066993
"2008",-70.162651,18.735693
"2009",-96.7969879,32.7766642
"2010",-117.7946942,33.6839473
"2011",-111.9400054,33.4255104
"2014",-89.704724,30.4879565
"2015",-71.0588801,42.3600825
"2016",-121.9140073,47.6478787
"2017",-78.6568942,37.4315734
"2018",-118.2436849,34.0522342
"2019",151.2092955,-33.8688197
"2020",-0.1230681,51.4571477
"2021",-77.0584972,38.9349307
"2023",-74.0059413,40.7127837
"2024",-72.9278835,41.308274
"2026",119.4131702,-5.1568868
"2027",-121.8863286,37.3382082
"2028",-86.3566659,40.7544843
"2030",-91.8318334,37.9642529
"2031",-3.435973,55.378051
"2032",-119.4179324,36.778261
"2033",-121.9499568,37.2871651
"2035",-74.4056612,40.0583238
"2036",-80.244216,36.0998596
"2037",-89.5031045,43.074868
"2038",-117.1610838,32.715738
"2039",-75.1652215,39.9525839
"2040",-2.715974,52.056398
"2041",-74.4056612,40.0583238
"2042",-74.0059413,40.7127837
"2043",-74.4056612,40.0583238
"2044",-83.1338214,42.680588
"2045",-79.9958864,40.4406248
"2046",-77.1945247,41.2033216
"2047",-105.7820674,39.5500507
"2048",-87.673419,41.9504854
"2049",-122.6764816,45.5230622
"2050",-156.3319253,20.7983626
"2051",-77.0368707,38.9071923
"2052",-87.6297982,41.8781136
"2053",151.2092955,-33.8688197
"2054",18.0685808,59.3293235
"2055",-76.5032996,40.109818
"2056",-80.1917902,25.7616798
"2057",-74.0298621,40.8762106
"2058",-70.6692655,-33.4488897
"2059",-77.1945247,41.2033216
"2060",-99.9018131,31.9685988
"2062",-81.5157535,27.6648274
"2063",-81.617102,41.132834
"2064",-80.1300455,25.790654
"2066",-85.6023643,44.3148443
"2067",105.8341598,21.0277644
"2068",-95.3698028,29.7604267
"2069",-84.5120196,39.1031182
"2070",-95.712891,37.09024
"2071",-78.873127,42.8968022
"2072",-103.416501,20.6719563
"2073",-0.1277583,51.5073509
"2074",-87.6297982,41.8781136
"2075",-76.6412712,39.0457549
"2076",-85.3096801,35.0456297
"2078",-97.9578128,34.5023028
"2081",-8.6291053,41.1579438
"2083",-81.190358,28.647895
"2084",-97.7430608,30.267153
"2087",27.142826,38.423734
"2088",-122.4194155,37.7749295
"2089",-83.985,42.43472
"2090",-119.8138027,39.5296329
"2091",-112.259321,33.4500425
"2092",-106.346771,56.130366
"2094",-3.7037902,40.4167754
"2096",-108.5567,37.34923
"2097",-2.970721,56.462018
"2098",-8.224454,39.399872
"2099",-119.4179324,36.778261
"2101",-71.0588801,42.3600825
"2102",-81.7728543,28.5494447
"2103",-77.0494979,38.9103862
"2104",133.775136,-25.274398
"2105",-76.6412712,39.0457549
"2106",-46.7919978,-23.5328871
"2107",-71.0588801,42.3600825
"2108",-71.0554052,42.3643104
"2110",-72.6128339,41.7634219
"2111",-71.0588801,42.3600825
"2112",-71.0588801,42.3600825
"2114",-71.0588801,42.3600825
"2115",-81.2287397,29.5543763
"2116",-85.3096801,35.0456297
"2117",-114.279453,51.193802
"2118",-82.5514869,35.5950581
"2119",-0.418833,44.760292
"2121",-71.0328284,42.3917638
"2123",-71.315505,41.4864899
"2124",-84.3879824,33.7489954
"2125",-81.0348144,34.0007104
"2126",-92.2670941,34.769536
"2127",-105.089979,39.765402
"2128",-7.6920536,53.1423672
"2130",-79.8953328,40.8611755
"2132",-84.380956,33.9143169
"2133",-74.0059413,40.7127837
"2134",-77.264775,38.9370387
"2135",-120.7401386,47.7510741
"2136",-70.8226541,43.9653889
"2137",-97.1466695,31.549333
"2138",-122.4194155,37.7749295
"2139",-110.9647997,30.6290675
"2140",-73.4206529,40.8607612
"2141",138.6008825,-34.9247303
"2142",-71.2643465,42.0909458
"2143",-95.712891,37.09024
"2144",-118.2611082,33.8643414
"2146",-81.4401129,41.3125552
"2147",-83.9811014,34.1140497
"2148",15.2551187,54.5259614
"2149",-79.532157,43.8169837
"2150",-77.6109219,43.16103
"2151",-86.158068,39.768403
"2152",-79.3831843,43.653226
"2153",-98.8705717,30.2743349
"2154",-86.1349019,40.2671941
"2155",-118.2436849,34.0522342
"2156",-96.8463728,32.7253267
"2157",-97.1416768,32.5631924
"2158",-74.0021511,40.6188134
"2159",-81.6943605,41.49932
"2160",-75.1652215,39.9525839
"2161",-71.5723953,43.1938516
"2162",-115.1398296,36.1699412
"2163",-87.6235719,41.8802802
"2165",-4.2026458,56.4906712
"2166",-93.284554,44.937909
"2168",-97.2155596,31.3865592
"2169",-92.2895948,34.7464809
"2170",36.3498097,36.4018488
"2171",-118.2436849,34.0522342
"2172",-81.5157535,27.6648274
"2173",-74.0059413,40.7127837
"2174",-0.1277583,51.5073509
"2175",-75.1667929,39.9541164
"2178",-83.179917,42.430834
"2179",7.1619719,46.8064773
"2180",-111.0937311,34.0489281
"2181",-123.0867536,44.0520691
"2182",133.775136,-25.274398
"2183",-75.2207323,40.688432
"2184",-85.7584557,38.2526647
"2185",-93.097702,41.8780025
"2186",-77.0368707,38.9071923
"2187",-94.7151865,39.0228485
"2188",-70.3002024,41.7003208
"2189",-70.9811334,42.3778173
"2190",-83.2396612,42.7844752
"2191",-118.2436849,34.0522342
"2192",-114.0168895,51.1250608
"2193",-0.1277583,51.5073509
"2194",-3.435973,55.378051
"2195",-117.1610838,32.715738
"2196",-74.0059413,40.7127837
"2197",-74.4056612,40.0583238
"2198",-71.3824374,42.4072107
"2199",-84.8413056,33.9244531
"2200",-122.4247355,40.9443161
"2201",-8.4863157,51.8968917
"2202",-74.0059413,40.7127837
"2203",-80.1917902,25.7616798
"2204",-2.2426305,53.4807593
"2205",-96.7969879,32.7766642
"2206",-71.3824374,42.4072107
"2207",-122.3320708,47.6062095
"2208",-84.3879824,33.7489954
"2209",-95.3698028,29.7604267
"2210",-74.0059413,40.7127837
"2212",-89.3985283,32.3546679
"2213",-76.6121893,39.2903848
"2214",-71.396725,42.0834313
"2215",-122.539846,47.0042643
"2217",-97.092877,35.0077519
"2218",-71.0588801,42.3600825
"2220",-79.9958864,40.4406248
"2221",-121.8863286,37.3382082
"2222",-79.1525349,40.6214551
"2223",-82.4075935,27.7730836
"2224",-74.0059413,40.7127837
"2226",-58.8306349,-27.4692131
"2228",-118.3286614,34.0928092
"2229",-51.2176584,-30.0346471
"2232",-3.435973,55.378051
"2233",-95.712891,37.09024
"2234",-112.0740373,33.4483771
"2235",-76.6412712,39.0457549
"2236",-2.13125,49.214439
"2237",-81.7948103,26.1420358
"2238",-82.0453664,26.9297836
"2239",-93.2650108,44.977753
"2240",-73.681742,40.586416
"2242",-85.6602058,30.1588129
"2244",-71.0969415,42.3730594
"2245",-117.8903397,34.0900091
"2246",-95.712891,37.09024
"2249",-86.2203313,43.084462
"2250",-117.9242966,33.8703596
"2252",-121.8374777,39.7284944
"2254",-95.712891,37.09024
"2256",-4.251806,55.864237
"2257",-93.1865258,45.0302104
"2258",-95.712891,37.09024
"2260",-71.0786653,42.5750939
"2261",-83.0457538,42.331427
"2262",-74.0059413,40.7127837
"2263",-2.369593,51.3791035
"2264",9.1859243,45.4654219
"2265",-83.0457538,42.331427
"2266",-115.1398296,36.1699412
"2267",-96.8737468,32.8275321
"2268",-73.988578,40.700359
"2269",-43.3750072,-22.972023
"2270",-118.2250725,33.9816812
"2271",-9.1393366,38.7222524
"2273",-49.267137,-25.4289541
"2276",-81.8691228,28.7391313
"2277",-51.92528,-14.235004
"2278",-4.2026458,56.4906712
"2279",-113.625642,53.6304753
"2280",-104.990251,39.7392358
"2281",-71.7615527,42.2560779
"2282",-84.4821719,42.701848
"2283",-96.3971233,33.9924186
"2284",-79.0192997,35.7595731
"2285",-90.0715323,29.9510658
"2287",-91.8318334,37.9642529
"2289",-74.3646122,41.4718145
"2291",-94.8441239,37.1692278
"2292",2.284601,49.141551
"2293",-82.9000751,32.1656221
"2294",-149.4936733,64.2008413
"2295",-78.7583432,37.8131025
"2296",-112.0740373,33.4483771
"2297",-118.2436849,34.0522342
"2300",-122.0838511,37.3860517
"2301",-84.8294211,9.9778439
"2302",-95.712891,37.09024
"2303",144.9497232,-37.3016566
"2306",-95.712891,37.09024
"2307",-71.0588801,42.3600825
"2309",-84.3883717,33.755711
"2310",-87.6297982,41.8781136
"2311",-95.712891,37.09024
"2312",-3.218134,51.578829
"2313",-97.3197503,32.8676983
"2314",-118.2436849,34.0522342
"2315",-89.0330567,31.2008497
"2316",-82.4571776,27.950575
"2317",-102.4342115,47.736992
"2318",-77.0368707,38.9071923
"2320",-117.2139232,33.5539143
"2321",-97.330053,37.6871761
"2322",-78.8783689,42.8864468
"2325",-84.3640829,33.7589188
"2326",-82.8274014,40.5492265
"2327",-80.1942628,25.7704554
"2328",25.48583,42.733883
"2329",-118.2436849,34.0522342
"2330",-87.6297982,41.8781136
"2331",126.9779692,37.566535
"2333",-74.4056612,40.0583238
"2334",-97.7430608,30.267153
"2335",78.96288,20.593684
"2336",-84.7996573,33.3806716
"2337",-118.2436849,34.0522342
"2338",8.8016937,53.0792962
"2340",-82.907123,40.4172871
"2341",-87.6297982,41.8781136
"2342",-81.2452768,42.9849233
"2343",-76.4730122,37.0870821
"2344",-82.6111984,28.0473658
"2345",-74.0059413,40.7127837
"2346",-3.435973,55.378051
"2350",-71.0588801,42.3600825
"2351",-122.9542972,46.7162136
"2352",-82.5514869,35.5950581
"2353",-74.2776468,40.6081591
"2354",-74.0059413,40.7127837
"2355",-118.2436849,34.0522342
"2356",-117.0445715,32.9401334
"2357",-71.3824374,42.4072107
"2359",-81.8543026,41.3661614
"2360",-71.0388601,42.3702137
"2362",-81.5157535,27.6648274
"2363",-79.9385035,32.7895038
"2364",-41.0098207,-20.674002
"2365",-70.0364404,12.5170398
"2366",-106.346771,56.130366
"2367",-71.5723953,43.1938516
"2368",-87.6297982,41.8781136
"2369",32.5825197,0.3475964
"2370",-95.4612625,30.1658207
"2371",-99.9018131,31.9685988
"2372",-77.1945247,41.2033216
"2375",-77.0368707,38.9071923
"2376",-87.6297982,41.8781136
"2377",-71.0772796,42.7762015
"2379",-90.0489801,35.1495343
"2382",-75.2420722,40.0548134
"2383",-0.1277583,51.5073509
"2384",-64.2839209,-36.6147573
"2385",-111.7710429,40.6566144
"2386",-96.3393366,30.6112262
"2387",-83.0457538,42.331427
"2388",-0.57918,44.837789
"2389",174.776236,-41.2864603
"2390",-86.1349019,40.2671941
"2391",-122.9573563,50.1163196
"2392",-71.542969,-35.675147
"2394",116.0734568,5.980408
"2395",-46.6333094,-23.5505199
"2396",-66.58973,6.42375
"2397",-85.6766897,38.1606607
"2398",-51.92528,-14.235004
"2399",-76.5009253,42.4135212
"2401",-43.1728965,-22.9068467
"2402",-51.92528,-14.235004
"2403",-60.0217314,-3.1190275
"2405",55.166667,25.216667
"2406",145.55,-35.933333
"2408",-71.3824374,42.4072107
"2409",-83.5615548,34.2528839
"2410",-94.2440865,31.9437799
"2411",-114.0708459,51.0486151
"2412",-121.530234,38.5804609
"2413",-43.1728965,-22.9068467
"2414",-80.2962555,26.007765
"2415",-0.1277583,51.5073509
"2416",-80.1917902,25.7616798
"2417",-71.0588801,42.3600825
"2418",-85.0235722,41.9272234
"2420",69.345116,30.375321
"2421",-51.92528,-14.235004
"2422",-51.92528,-14.235004
"2423",-122.4194155,37.7749295
"2424",-81.5157535,27.6648274
"2426",-82.9000751,32.1656221
"2427",151.2092955,-33.8688197
"2429",120.9842195,14.5995124
"2431",-117.7846975,33.6673384
"2432",-84.3879824,33.7489954
"2433",-1.85754,53.72702
"2434",-95.712891,37.09024
"2435",-86.6199957,36.3047735
"2436",-82.907123,40.4172871
"2437",-70.4367642,41.6172921
"2438",-71.0588801,42.3600825
"2439",-119.0187125,35.3732921
"2440",-69.4454689,45.253783
"2441",-2.8511476,40.7638835
"2443",-118.2436849,34.0522342
"2444",-76.6412712,39.0457549
"2445",-85.6680863,42.9633599
"2446",-90.0715323,29.9510658
"2447",-81.5157535,27.6648274
"2449",-79.5131983,43.6204946
"2450",-0.1277583,51.5073509
"2452",-118.656822,34.2012019
"2454",-1.5490774,53.8007554
"2455",-81.5157535,27.6648274
"2456",0.121817,52.205337
"2458",-79.0192997,35.7595731
"2459",-80.7423054,40.0161843
"2463",-70.162651,18.735693
"2465",-51.92528,-14.235004
"2466",-51.92528,-14.235004
"2470",-51.92528,-14.235004
"2472",-69.3354,-15.9254
"2473",-105.097844,39.6304329
"2474",-60.912713,14.704716
"2475",-51.92528,-14.235004
"2476",-1.7744841,51.5609724
"2477",-118.3286614,34.0928092
"2478",-82.9000751,32.1656221
"2479",-116.5765035,53.9332706
"2480",-92.4801989,44.0121221
"2482",-96.9861904,33.5799959
"2483",-71.542969,-35.675147
"2489",-89.3985283,32.3546679
"2490",-79.3831843,43.653226
"2492",-106.346771,56.130366
"2493",-95.712891,37.09024
"2494",-58.3815591,-34.6036844
"2496",-119.4179324,36.778261
"2497",-72.5778415,44.5588028
"2498",-87.6322642,41.8777321
"2499",35.243322,38.963745
"2500",-84.3879824,33.7489954
